"CODE","SPN","FMI","DESCRIPTION","ENGINETYPEID","FAULTSOURCE","FAULTNAME"
"1175","1576","5","油泵电磁阀1开路或对地短路","1958","上柴国三","油泵电磁阀1开路或对地短路"
"1176","9781","12","供油泵过载","1958","上柴国三","供油泵过载"
"1177","4232","12","供油泵过压","1958","上柴国三","供油泵过压"
"1178","4710","12","供油泵无负荷","1958","上柴国三","供油泵无负荷"
"1179","147","12","供油泵由于油泵泄漏失去负荷","1958","上柴国三","供油泵由于油泵泄漏失去负荷"
"1180","4233","2","共轨压力超过上限","1958","上柴国三","共轨压力超过上限"
"1181","136","2","共轨压力超过最高限制","1958","上柴国三","共轨压力超过最高限制"
"1182","4641","2","实际共轨压力低于目标值的控制下限","1958","上柴国三","实际共轨压力低于目标值的控制下限"
"1183","1543","2","CPU出错","1958","上柴国三","CPU出错"
"1184","1542","2","主CPU出错","1958","上柴国三","主CPU出错"
"1185","1537","2","FLASH校验和错误","1958","上柴国三","FLASH校验和错误"
"1186","822","12","曲轴位置（NE传感器）传感器性能失效","1958","上柴国三","曲轴位置（NE传感器）传感器性能失效"
"1187","823","12","曲轴转角传感器无脉冲信号","1958","上柴国三","曲轴转角传感器无脉冲信号"
"1188","834","12","凸轮转角传感器无脉冲信号","1958","上柴国三","凸轮转角传感器无脉冲信号"
"1189","833","12","相位传感器（G传感器）性能失效","1958","上柴国三","相位传感器（G传感器）性能失效"
"1190","901","12","凸轮转角和曲轴转角传感器无脉冲信号","1958","上柴国三","凸轮转角和曲轴转角传感器无脉冲信号"
"1191","1283","8","车速传感器信号频率过高","1958","上柴国三","车速传感器信号频率过高"
"1192","1282","8","车速传感器信号频率短路或开路","1958","上柴国三","车速传感器信号频率短路或开路"
"1193","1281","12","车速传感器信号无效","1958","上柴国三","车速传感器信号无效"
"1194","1559","3","起动开关对电源短路","1958","上柴国三","起动开关对电源短路"
"1195","5424","12","发动机停车开关黏粘闭合","1958","上柴国三","发动机停车开关黏粘闭合"
"1196","5477","2","巡航开关电路失效","1958","上柴国三","巡航开关电路失效"
"1197","2128","2","空档开关电路失效（仅针对手动变速箱）","1958","上柴国三","空档开关电路失效（仅针对手动变速箱）"
"1198","1796","2","离合器开关电路失效（仅针对手动变速箱）","1958","上柴国三","离合器开关电路失效（仅针对手动变速箱）"
"1199","5750","4","倒档开关开路或对地短路","1958","上柴国三","倒档开关开路或对地短路"
"1200","5751","3","倒档开关对电源短路","1958","上柴国三","倒档开关对电源短路"
"1201","1670","12","主继电器粘黏常闭","1958","上柴国三","主继电器粘黏常闭"
"1202","537","12","发动机转速超速","1958","上柴国三","发动机转速超速"
"1203","535","16","水温超过上限","1958","上柴国三","水温超过上限"
"1204","1316","17","机油压力过低","1958","上柴国三","机油压力过低"
"1205","9568","12","冷却液液位过低","1958","上柴国三","冷却液液位过低"
"1206","8809","15","油水分离器中液位过高","1958","上柴国三","油水分离器中液位过高"
"1207","1152","4","电子风扇开路或对地短路","1958","上柴国三","电子风扇开路或对地短路"
"1208","1153","3","电子风扇对电源短路","1958","上柴国三","电子风扇对电源短路"
"1209","7447","12","SCR系统轻微故障","1958","上柴国三","SCR系统轻微故障"
"1210","7448","12","SCR系统严重故障","1958","上柴国三","SCR系统严重故障"
"1211","53249","2","CAN2节点出错","1958","上柴国三","CAN2节点出错"
"1212","49409","4","与AT连接的CAN总线开路","1958","上柴国三","与AT连接的CAN总线开路"
"1213","49441","4","与ABS连接的CAN总线开路","1958","上柴国三","与ABS连接的CAN总线开路"
"1214","49493","4","与TCO1连接的CAN总线开路","1958","上柴国三","与TCO1连接的CAN总线开路"
"1215","53589","4","与DCU连接的CAN总线开路","1958","上柴国三","与DCU连接的CAN总线开路"
"1216","53603","14","拖欠购车贷款","1958","上柴国三","拖欠购车贷款"
"1217","769","11","气缸#1供油系统失败","1958","上柴国三","气缸#1供油系统失败"
"1218","770","11","气缸#2供油系统失败","1958","上柴国三","气缸#2供油系统失败"
"1219","771","11","气缸#3供油系统失败","1958","上柴国三","气缸#3供油系统失败"
"1220","772","11","气缸#4供油系统失败","1958","上柴国三","气缸#4供油系统失败"
"1221","773","11","气缸#5供油系统失败","1958","上柴国三","气缸#5供油系统失败"
"1222","774","11","气缸#6供油系统失败","1958","上柴国三","气缸#6供油系统失败"
"1223","611","12","F/D#1回路被激活","1958","上柴国三","F/D#1回路被激活"
"1224","629","12","F/D#2回路被激活","1958","上柴国三","F/D#2回路被激活"
"1225","617","12","F/D#3回路被激活","1958","上柴国三","F/D#3回路被激活"
"1226","632","12","F/D#4回路被激活","1958","上柴国三","F/D#4回路被激活"
"1227","614","12","F/D#5回路被激活","1958","上柴国三","F/D#5回路被激活"
"1228","626","12","F/D#6回路被激活","1958","上柴国三","F/D#6回路被激活"
"1229","91","7","油门与刹车信号不可信","1958","潍柴国三","油门与刹车信号不可信"
"1230","2898","7","进气加热常开故障","1958","潍柴国三","进气加热常开故障"
"1231","520252","2","油门踏板1与油门踏板2的两倍的信号关系不可信","1958","潍柴国三","油门踏板1与油门踏板2的两倍的信号关系不可信"
"1232","91","3","油门踏板1电压值高出上限门槛值","1958","潍柴国三","油门踏板1电压值高出上限门槛值"
"1233","91","4","油门踏板1电压值低于下限门槛值","1958","潍柴国三","油门踏板1电压值低于下限门槛值"
"1235","29","3","油门踏板2电压值高出上限门槛值","1958","潍柴国三","油门踏板2电压值高出上限门槛值"
"1236","29","4","油门踏板2电压值低于下限门槛值","1958","潍柴国三","油门踏板2电压值低于下限门槛值"
"1237","102","2","大气压力传感器信号不可信","1958","潍柴国三","大气压力传感器信号不可信"
"1238","108","3","大气压力传感器电压高出上限门槛值","1958","潍柴国三","大气压力传感器电压高出上限门槛值"
"1239","108","4","大气压力传感器电压低于下限门槛值","1958","潍柴国三","大气压力传感器电压低于下限门槛值"
"1240","2898","5","进气加热器开路","1958","潍柴国三","进气加热器开路"
"1241","2898","3","进气加热器对电源短路","1958","潍柴国三","进气加热器对电源短路"
"1242","2898","4","进气加热器对地短路","1958","潍柴国三","进气加热器对地短路"
"1243","168","4","电池电压原始值低于下限门槛","1958","潍柴国三","电池电压原始值低于下限门槛"
"1244","168","3","电池电压原始值超出上限门槛","1958","潍柴国三","电池电压原始值超出上限门槛"
"1246","102","3","进气压力传感器电压超出上限门槛值","1958","潍柴国三","进气压力传感器电压超出上限门槛值"
"1247","102","4","进气压力传感器电压低于下限门槛值","1958","潍柴国三","进气压力传感器电压低于下限门槛值"
"1248","597","2","刹车信号不可信","1958","潍柴国三","刹车信号不可信"
"1249","597","19","刹车信号错误","1958","潍柴国三","刹车信号错误"
"1250","598","2","离合器状态信号不可信","1958","潍柴国三","离合器状态信号不可信"
"1251","626","5","冷启动指示灯开路","1958","潍柴国三","冷启动指示灯开路"
"1252","626","3","冷启动指示灯对电源短路","1958","潍柴国三","冷启动指示灯对电源短路"
"1253","626","4","冷启动指示灯对地短路","1958","潍柴国三","冷启动指示灯对地短路"
"1254","110","2","冷却水温与机油温度信号不可信","1958","潍柴国三","冷却水温与机油温度信号不可信"
"1255","110","15","水温传感器工作正常但水温超出门槛值","1958","潍柴国三","水温传感器工作正常但水温超出门槛值"
"1256","110","3","冷却水温度传感器电压超出上限门槛","1958","潍柴国三","冷却水温度传感器电压超出上限门槛"
"1257","110","4","冷却水温度传感器电压低于下限门槛","1958","潍柴国三","冷却水温度传感器电压低于下限门槛"
"1258","520203","5","车下启动/停止按钮卡住","1958","潍柴国三","车下启动/停止按钮卡住"
"1259","4203","13","只有凸轮轴信号，进入跛形回家状态","1958","潍柴国三","只有凸轮轴信号，进入跛形回家状态"
"1260","4201","12","凸轮轴信号缺失","1958","潍柴国三","凸轮轴信号缺失"
"1261","4201","2","凸轮轴周期错误","1958","潍柴国三","凸轮轴周期错误"
"1262","4201","11","凸轮轴同步错误","1958","潍柴国三","凸轮轴同步错误"
"1263","4201","13","凸轮轴与曲轴同步错误","1958","潍柴国三","凸轮轴与曲轴同步错误"
"1264","4203","12","曲轴信号缺失","1958","潍柴国三","曲轴信号缺失"
"1265","4203","3","曲轴同步错误","1958","潍柴国三","曲轴同步错误"
"1266","4203","4","曲轴齿数错误","1958","潍柴国三","曲轴齿数错误"
"1267","4203","2","曲轴齿周期错误","1958","潍柴国三","曲轴齿周期错误"
"1268","4201","14","曲轴与凸轮轴信号偏差超出门槛值","1958","潍柴国三","曲轴与凸轮轴信号偏差超出门槛值"
"1269","1769","11","发动机转速超限","1958","潍柴国三","发动机转速超限"
"1270","1623","5","发动机转速信号开路","1958","潍柴国三","发动机转速信号开路"
"1271","1623","3","发动机转速信号对电源短路","1958","潍柴国三","发动机转速信号对电源短路"
"1272","1623","4","发动机转速信号对地短路","1958","潍柴国三","发动机转速信号对地短路"
"1273","520208","5","排气制动蝶阀开路","1958","潍柴国三","排气制动蝶阀开路"
"1274","520208","3","排气制动蝶阀对电源短路","1958","潍柴国三","排气制动蝶阀对电源短路"
"1275","520208","4","排气制动蝶阀地短路","1958","潍柴国三","排气制动蝶阀地短路"
"1276","4815","7","风扇执行器（PWM波）开路","1958","潍柴国三","风扇执行器（PWM波）开路"
"1001","5000","12","""TCU检测到一个错误的信号与齿轮速比范围结合.?电缆从变速杆到TCU损坏?电缆是有缺陷的,接触了电池电压或车辆接地.?变速杆是有缺陷的.""","1958","变速箱","齿轮速比范围信号发生逻辑错误."
"1002","5010","12","""TCU检测到一个错误的信号对方向.?电缆从变速杆到TCU损坏.?电缆是有缺陷的,接触了电池电压或车辆接地. ?变速杆是有缺陷的""","1958","变速箱","方向选择信号发生逻辑错误."
"1003","5020","12","TCU检测到发动机没有反应当降负荷装置激活.","1958","变速箱","在发动机降负荷装置发生逻辑错误."
"1004","5030","12","""TCU检测到的停车制动状态信号与通过CAN发送的停车制动状态信号不相符.?从状态开关到电控箱的某个电缆损坏了?状态序列开关之一是有缺陷的""","1958","变速箱","在停车制动状态下发生逻辑错误"
"1005","5040","12","""TCU对方向检测到一个错误的信号.?电缆从变速杆2 到TCU损坏了?电缆是有缺陷的, 接触了电池电压或车辆接地?变速杆是有缺陷的""","1958","变速箱","换档手柄(变速杆)方向选择信号2 发生逻辑错误."
"1006","5060","4","""这个输出针脚检测到一个错误的电压,看起来像对车辆地短路.?电缆是有缺陷的和对车辆地有连接.?客户特定的功能1设备有一个内部缺陷?插接件针脚对车辆地有连接.""","1958","变速箱","在客户特定功能1对地短路."
"1008","5060","3","""TCU在这个输出针脚检测到一个错误的电压,像是对电池电压短路.?电缆是有缺陷的和电池电压有连接.?客户特定的功能1设备有一个内部缺陷?插接件针脚对电池电压有连接.""","1958","变速箱","在客户特定的功能1对电池电压短路."
"1009","5060","5","""TCU在这个输出针脚检测到一个错误的电压,像是这个针脚断路.?电缆有缺陷,到TCU没有连接.?客户特定的功能1设备有一个内部缺陷?连接器没有连接到TCU.""","1958","变速箱","在客户特定功能1断路."
"1010","5070","4","""TCU在这个输出针脚检测到一个错误的电压,看起来像对车辆地短路.?电缆是有缺陷的和对车辆地有连接.?客户特定的功能2设备有一个内部缺陷?插接件针脚对车辆地有连接.""","1958","变速箱","在客户特定功能2对地短路."
"1011","5070","3","""TCU在这个输出针脚检测到一个错误的电压,像是对电池电压短路.?电缆是有缺陷的和电池电压有连接.?客户特定的功能1设备有一个内部缺陷?插接件针脚对电池电压有连接.""","1958","变速箱","在客户特定的功能2对电池电压短路."
"1012","5070","5","""TCU在这个输出针脚检测到一个错误的电压,像是这个针脚断路.?电缆有缺陷,到TCU没有连接.?客户特定的功能2设备有一个内部缺陷?连接器没有连接到TCU. ?连接器没有TCU的连接""","1958","变速箱","在客户特定功能2断路."
"1013","5080","4","""TCU在这个输出针脚检测到一个错误的电压,看起来像对车辆地短路.?电缆是有缺陷的和对车辆地有连接.?客户特定的功能3设备有一个内部缺陷?插接件针脚对车辆地有连接.""","1958","变速箱","在客户特定功能3对地短路."
"1014","5080","3","""TCU在这个输出针脚检测到一个错误的电压,像是对电池电压短路.?电缆是有缺陷的和电池电压有连接.?客户特定的功能3设备有一个内部缺陷?插接件针脚对电池电压有连接.""","1958","变速箱","在客户特定的功能3对电池电压短路."
"1015","5080","5","""TCU在这个输出针脚检测到一个错误的电压,像是这个针脚断路.?电缆有缺陷,到TCU没有连接.?客户特定的功能3设备有一个内部缺陷?连接器没有连接到TCU. ?连接器没有TCU的连接""","1958","变速箱","在客户特定功能3断路."
"1016","5090","3","""检测到电压太高了:?电缆是有缺陷的,和电池电压有连接.?离合器切断传感器有一个内部缺陷?连接器针脚对电池电压有连接.""","1958","变速箱","在离合器中断输入对电池电压短路."
"1017","5090","4","""检测到电压太低了:?电缆是有缺陷的,和车辆地有连接.?电缆到TCU没有连接.?离合器中断传感器有一个内部缺陷.?连接器针脚对车辆地有连接或损坏.""","1958","变速箱","在离合器中断输入对地短路或断路."
"1018","5100","3","""测量到的电压太高了:?电缆是有缺陷的,和电池电压有连接.?离合器切断传感器有一个内部缺陷?连接器针脚对电池电压有连接.""","1958","变速箱","在负载传感器输入对电源电压短路."
"1019","5100","4","""检测到电压太低了:?电缆是有缺陷的,和车辆地有连接.?电缆到TCU没有连接.?负载传感器有一个内部缺陷.?连接器针脚对车辆地有连接或损坏.""","1958","变速箱","在负载传感器输入对地短路或断路."
"1020","5110","3","""测量到的电压太高了:?电缆是有缺陷的,和电池电压有连接.?电缆没有连接到TCU.?温度传感器有一个内部缺陷?连接器针脚对电池电压有连接.""","1958","变速箱","在变速箱油槽温度传感器输入对电源电压短路或断路."
"1021","5110","4","""测量到的电压过低:?电缆是有缺陷的, 和车辆地有连接.?温度传感器有一个内部缺陷?连接器针脚和车辆地有连接.""","1958","变速箱","在变速箱油槽温度传感器输入对地短路."
"1023","5120","4","""测量到的电压太低了:?电缆是有缺陷的, 和车辆地有连接.?温度传感器有一个内部缺陷?连接器针脚和车辆地有连接.""","1958","变速箱","在减速器/变矩器温度传感器输入对地短路."
"1024","5130","3","""测量到的电压太高了:?电缆是有缺陷的,和电池电压有连接.?电缆没有连接到TCU.?传感器有一个内部缺陷?连接器针脚对电池电压有连接或损坏.""","1958","变速箱","在停车制动传感器输入对电源电压短路或断路."
"1025","5130","4","""测量到的电压太低了:?电缆是有缺陷的, 和车辆地有连接.?传感器有一个内部缺陷?连接器针脚和车辆地有连接.""","1958","变速箱","在停车制动传感器输入对地短路."
"1026","5313","12","""从CCO测量到的电压和CCO2信号没有匹配:?电缆是有缺陷的?传感器有一个内部缺陷""","1958","变速箱","渐进传感器-信号不匹配"
"1031","5140","3","""TCU在速度输入针脚测量到的电压高于7V.?电缆是有缺陷的,和电池电压有连接.?电缆没有连接到TCU.?速度传感器有一个内部缺陷?连接器针脚对电池电压有连接或无连接.""","1958","变速箱","在机器转速输入对电池电压短路或断路."
"1032","5140","4","""TCU在速度输入针脚测量电压低于0.45 v?电缆是有缺陷的,和车辆地有连接.?速度传感器有一个内部缺陷""","1958","变速箱","在机器转速输入对地短路."
"1033","5140","12","""TCU检测到的发动机转速超过一个临界值且下一刻测量速度为零?电缆/连接器是有缺陷的,接触不良?速度传感器有一个内部缺陷?传感器间隙尺寸的大小错误.""","1958","变速箱","在发动机转速输入逻辑错误"
"1034","5150","3","""TCU在速度输入针脚测量到的电压高于7V.?电缆是有缺陷的,和电池电压有连接.?电缆没有连接到TCU.?速度传感器有一个内部缺陷?连接器针脚对电池电压有连接或无连接.""","1958","变速箱","在涡轮转速输入对电池电压短路或断路."
"1035","5150","4","""TCU在速度输入针脚测量电压低于0.45 v?电缆/连接器是有缺陷的,和车辆地有连接.?速度传感器有一个内部缺陷""","1958","变速箱","在机器转速输入对地短路."
"1036","5150","12","""TCU检测到的涡轮转速超过一个临界值且下一刻测量速度为零?电缆/连接器是有缺陷的,接触不良?速度传感器有一个内部缺陷?传感器间隙尺寸的大小错误.""","1958","变速箱","在涡轮转速输入逻辑错误"
"1037","5160","3","""TCU在速度输入针脚测量到的电压高于7V.?电缆是有缺陷的,和电池电压有连接.?电缆没有连接到TCU.?速度传感器有一个内部缺陷?连接器针脚对电池电压有连接或无连接.""","1958","变速箱","在内部转速输入对电池电压短路或断路."
"1038","5160","4","""TCU在速度输入针脚测量电压低于0.45 v?电缆/连接器是有缺陷的,和车辆地有连接.?速度传感器有一个内部缺陷""","1958","变速箱","在内部转速输入对地短路."
"1039","5160","12","""TCU检测到的内部转速超过一个临界值且下一刻测量速度为零?电缆/连接器是有缺陷的,接触不良?速度传感器有一个内部缺陷?传感器间隙尺寸的大小错误.""","1958","变速箱","在内部转速输入发生逻辑错误"
"1040","5170","3","""TCU在速度输入针脚测量到的电压高于12.5V.?电缆是有缺陷的,和电池电压有连接.?电缆没有连接到TCU.?速度传感器有一个内部缺陷?连接器针脚对电池电压有连接或无连接.""","1958","变速箱","在输出转速输入对电池电压短路或断路."
"1041","5170","4","""TCU在速度输入针脚测量电压低于1.00 v?电缆/连接器是有缺陷的,和车辆地有连接.?速度传感器有一个内部缺陷""","1958","变速箱","在输出转速输入对地短路."
"1042","5170","12","""TCU检测到的输出转速超过一个临界值且下一刻测量速度为零?电缆/连接器是有缺陷的,接触不良?速度传感器有一个内部缺陷?传感器间隙尺寸的大小错误.""","1958","变速箱","在输出转速输入发生逻辑错误"
"1044","5180","2","""如果变速箱不是空档,且切换完成后,TCU检测到的输入速度零和涡轮速度或内部速度不等于零。?速度传感器有一个内部缺陷?传感器间隙尺寸的大小错误.""","1958","变速箱","输出速度零不适合其他速度信号"
"1046","5200","2","","1958","变速箱","FCAN信息的齿轮选择范围(ZF_3_识别)包含无效数据"
"1048","5210","2","TCU接收消息（齿轮选择范围）(ZF_3_识别)和前轮驱动状态 (V_IDENT_FWD)虽然配置状态没有安装,前轮驱动控制器","1958","变速箱","TCU接收消息（齿轮选择范围）"
"1049","5220","9","""从发动机控制器的FMR1的CAN信息超时。?在CAN-Bus上干扰?CAN线/连接器损坏了。?CAN线/连接器是有缺陷的,和车辆地或电池电压有联系?发动机控制器是有缺陷的。""","1958","变速箱","FMR1超时"
"1050","5230","9","""从发动机控制器的FMR2的CAN信息超时。?在CAN-Bus上干扰?CAN线/连接器损坏了。?CAN线/连接器是有缺陷的,和车辆地或电池电压有联系?发动机控制器是有缺陷的。""","1958","变速箱","FMR2超时"
"1051","5240","9","""从I / O 控制器到EAM1的CAN信息超时。?在CAN-Bus上干扰?CAN线/连接器损坏了。?CAN线/连接器是有缺陷的,和车辆地或电池电压有联系""","1958","变速箱","EAMODUL1超时"
"1052","5250","9","""从ABS控制器到ABS的CAN信息超时。?在CAN-Bus干扰?CAN线/连接器损坏了?CAN线/连接器是有缺陷的, 和车辆地或电池电压有联系""","1958","变速箱","ABS超时"
"1055","5260","9","""齿轮范围选择的CAN信息超时。?在CAN-Bus上干扰?CAN线/连接器损坏了。?CAN线/连接器是有缺陷的,和车辆地或电池电压有联系?前轮驱动控制器是有缺陷的""","1958","变速箱","MDU1、DCT1及齿轮选择状态CAN信息超时"
"1059","5270","9","""从前轮驱动状态的CAN信息超时“V_IDENT_FWD)”?在CAN-Bus上干扰?CAN线/连接器损坏了。?CAN线/连接器是有缺陷的,和车辆地或电池电压有联系?前轮驱动控制器是有缺陷的""","1958","变速箱","DNS1、SCT1、FLC1及前驱状态CAN信息超时"
"1060","5280","9","""发动机控制器的发动机CONF的CAN信息超时?在CAN-Bus上干扰?CAN线/连接器损坏了。?CAN线/连接器是有缺陷的,和车辆地或电池电压有联系""","1958","变速箱","引擎配置超时"
"1061","5290","9","""从EEC控制器的EEC1的CAN信息超时?在CAN-Bus上干扰?CAN线/连接器损坏了。?CAN线/连接器是有缺陷的,和车辆地或电池电压有联系""","1958","变速箱","EEC1超时"
"1062","5300","9","""从EEC控制器的EEC3的CAN信息超时?在CAN-Bus上干扰?CAN线/连接器损坏了。?CAN线/连接器是有缺陷的,和车辆地或电池电压有联系""","1958","变速箱","EEC3超时"
"1064","5320","2","""停车制动状态的CAN信号有缺陷?集群控制器是有缺陷的?在CAN-Bus干扰""","1958","变速箱","停车制动状态信号"
"1066","5340","2","""自动减速信号的CAN信号有缺陷?集群控制器是有缺陷的?在CAN-Bus?干扰""","1958","变速箱","自动减速信号"
"1067","5350","2","""手动减速信号的CAN信号有缺陷?集群控制器是有缺陷的?在CAN-Bus干扰""","1958","变速箱","手动减速信号"
"1068","5360","2","""?集群控制器是有缺陷的?在CAN-Bus干扰""","1958","变速箱","CCO的请求信号 CCO的请求CAN信号是有缺陷"
"1069","5370","2","""变速杆信号（档位选择器）是有缺陷?I / O控制器是有缺陷的?在CAN-Bus干扰""","1958","变速箱","档位、空挡请求及前轮驱动状态CAN信号有误"
"1072","5380","2","""额外的停车制动状态的CAN信号是有缺陷的?的I / O控制器是有缺陷的?在CAN-Bu干扰""","1958","变速箱","额外的制动状态信号"
"1073","5390","2","""AEB请求的CAN信号是有缺陷的? I / O控制器是有缺陷的?在CAN-Bus干扰""","1958","变速箱","AEB请求信号"
"1074","5400","2","""动力输出转矩的CAN信号有缺陷?I / O控制器是有缺陷的?在CAN-Bus干扰""","1958","变速箱","动力输出转矩信号"
"1075","5410","2","""驱动方式（驾驶模式）的CAN信号是有缺陷?I / O控制器是有缺陷的?在CAN-Bus干扰""","1958","变速箱","驱动方式（驾驶模式）信号"
"1076","5420","2","""起动齿轮的CAN信号有缺陷?I / O控制器是有缺陷的(非法启动装置)?在CAN-Bus干扰""","1958","变速箱","起动齿轮信号"
"1077","5430","2","""发动机扭矩的CAN信号有缺陷?发动机控制器是有缺陷的?在CAN-Bus干扰""","1958","变速箱","发动机扭矩信号"
"1078","5440","2","""参考发动机扭矩的CAN信号有缺陷?发动机控制器是有缺陷的?在CAN-Bus干扰""","1958","变速箱","参考发动机扭矩信号"
"1079","5450","2","""实际当前发动机扭矩的CAN信号有缺陷?发动机控制器是有缺陷的?在CAN-Bus干扰""","1958","变速箱","实际当前发动机扭矩信号"
"1080","5460","2","""名义上的摩擦扭矩的CAN信号是有缺陷的?发动机控制器是有缺陷的?在CAN-Bus干扰""","1958","变速箱","名义上的摩擦扭矩信号"
"1081","5470","2","""从EEC控制器的EEC2的CAN信息超时?在CAN-Bus上干扰?CAN线/连接器损坏了。?CAN线/连接器是有缺陷的,和车辆地或电池电压有联系""","1958","变速箱","EEC2超时"
"1082","5480","3","""这个阀检测到的电阻值超出限制范围，K1阀的电压值过高。?电缆/插接件是有缺陷的和电源电压有联系?控制器有一个内部缺陷""","1958","变速箱","控制继电器K1对电源电压短路"
"1083","5480","4","""这个阀检测到的电阻值超出限制范围，K1阀的电压值过低。?电缆/插接件是有缺陷的和车辆地有联系?电缆/插接件是有缺陷的和TCU的另一个控制器的输出有联系?控制器有一个内部缺陷""","1958","变速箱","控制继电器K1对地短路"
"1084","5480","5","""这个阀检测到的电阻值超出限制范围?电缆/插接件是有缺陷的和TCU无联系 ?控制器有一个内部缺陷""","1958","变速箱","控制继电器K1断路"
"1085","5490","3","""这个阀检测到的电阻值超出限制范围，K2阀的电压值过高。?电缆/插接件是有缺陷的和电源电压有联系?控制器有一个内部缺陷""","1958","变速箱","控制继电器K2对电源电压短路"
"1086","5490","4","""这个阀检测到的电阻值超出限制范围，K2阀的电压值过低。?电缆/插接件是有缺陷的和车辆地有联系?电缆/插接件是有缺陷的和TCU的另一个控制器的输出有联系?控制器有一个内部缺陷""","1958","变速箱","控制继电器K2对地短路"
"1087","5490","5","""这个阀检测到的电阻值超出限制范围?电缆/插接件是有缺陷的和TCU无联系 ?控制器有一个内部缺陷""","1958","变速箱","控制继电器K2断路"
"1088","5500","3","""这个阀检测到的电阻值超出限制范围，K3阀的电压值过高。?电缆/插接件是有缺陷的和电源电压有联系?控制器有一个内部缺陷""","1958","变速箱","控制继电器K3对电源电压短路"
"1089","5500","4","""这个阀检测到的电阻值超出限制范围，K3阀的电压值过低。?电缆/插接件是有缺陷的和车辆地有联系?电缆/插接件是有缺陷的和TCU的另一个控制器的输出有联系?控制器有一个内部缺陷""","1958","变速箱","控制继电器K3对地短路"
"1090","5500","5","""这个阀检测到的电阻值超出限制范围?电缆/插接件是有缺陷的和TCU无联系 ?控制器有一个内部缺陷""","1958","变速箱","控制继电器K3断路"
"1093","5540","5","","1958","变速箱","转换离合器断路"
"1094","5550","4","""?电缆是有缺陷的和车辆地有联系?发动机降额装置有一个内部缺陷。?插接件针脚和车辆地有联系""","1958","变速箱","发动机减额装置对地短路"
"1095","5550","3","""?电缆/插接件是有缺陷的和电池电压有联系?发动机降额装置有一个内部缺陷。""","1958","变速箱","发动机减额装置对电池电压短路"
"1096","5550","5","""TCU检测到一个错误的电压在输出针脚，看起来像是这个输出针脚的断路信号。?电缆是有缺陷的和TCU无联系?发动机降额装置有一个内部缺陷。?插接件和TCU无联系。""","1958","变速箱","发动机减额装置断路"
"1097","5510","3","""这个阀检测到的电阻值超出限制范围，K1阀的电压值过高。?电缆/插接件是有缺陷的和电源电压有联系?控制器有一个内部缺陷""","1958","变速箱","控制继电器K4对电源电压短路"
"1098","5510","4","""这个阀检测到的电阻值超出限制范围，K4阀的电压值过低。?电缆/插接件是有缺陷的和车辆地有联系?电缆/插接件是有缺陷的和TCU的另一个控制器的输出有联系?控制器有一个内部缺陷""","1958","变速箱","控制继电器K4对地短路"
"1099","5510","5","""这个阀检测到的电阻值超出限制范围?电缆/插接件是有缺陷的和TCU无联系 ?控制器有一个内部缺陷""","1958","变速箱","控制继电器K4断路"
"1100","5520","3","""这个阀检测到的电阻值超出限制范围，KV阀的电压值过高。?电缆/插接件是有缺陷的和电源电压有联系?控制器有一个内部缺陷""","1958","变速箱","控制继电器KV对电源电压短路"
"1101","5520","4","""这个阀检测到的电阻值超出限制范围，KV阀的电压值过低。?电缆/插接件是有缺陷的和车辆地有联系?电缆/插接件是有缺陷的和TCU的另一个控制器的输出有联系?控制器有一个内部缺陷""","1958","变速箱","控制继电器KV对地短路"
"1102","5520","5","""这个阀检测到的电阻值超出限制范围?电缆/插接件是有缺陷的和TCU无联系 ?控制器有一个内部缺陷""","1958","变速箱","控制继电器KV断路"
"1103","5530","3","""这个阀检测到的电阻值超出限制范围，KR阀的电压值过高。?电缆/插接件是有缺陷的和电源电压有联系?控制器有一个内部缺陷""","1958","变速箱","控制继电器KR对电源电压短路"
"1104","5530","4","""这个阀检测到的电阻值超出限制范围，KR阀的电压值过低。?电缆/插接件是有缺陷的和车辆地有联系?电缆/插接件是有缺陷的和TCU的另一个控制器的输出有联系?控制器有一个内部缺陷""","1958","变速箱","控制继电器KR对地短路"
"1105","5530","5","""这个阀检测到的电阻值超出限制范围?电缆/插接件是有缺陷的和TCU无联系 ?控制器有一个内部缺陷""","1958","变速箱","控制继电器KR断路"
"1106","5535","4","""TCU检测到一个错误的电压在输出针脚，看起来像是对车辆地短路?电缆是有缺陷的和车辆地有联系?装置有一个内部缺陷。?插接件针脚和车辆地有联系。""","1958","变速箱","恒载力矩传动装置输出对地短路"
"1107","5535","3","""TCU检测到一个错误的电压在输出针脚，看起来像是对电源电压短路?电缆是有缺陷的和电源电压有联系?装置有一个内部缺陷。?插接件针脚和车辆地有联系。""","1958","变速箱","恒载力矩传动装置输出对电源电压短路。"
"1108","5535","5","""TCU检测到一个错误的电压在输出针脚看起来像是这个输出针脚断路?电缆是有缺陷的和TCU无联系?装置有一个内部缺陷。?插接件针脚和TCU无联系。""","1958","变速箱","恒载力矩传动装置输出断路。"
"1109","5536","4","""TCU检测到一个错误的电压在输出针脚，看起来像是对车辆地短路?电缆是有缺陷的和车辆地有联系?装置有一个内部缺陷。?插接件针脚和车辆地有联系。""","1958","变速箱","恒载力矩指示灯输出对地短路"
"1110","5536","3","""TCU检测到一个错误的电压在输出针脚，看起来像是对电源电压短路?电缆是有缺陷的和电源电压有联系?装置有一个内部缺陷。?插接件针脚和车辆地有联系。""","1958","变速箱","恒载力矩指示灯输出对电源电压短路"
"1111","5536","5","""TCU检测到一个错误的电压在输出针脚看起来像是这个输出针脚断路?电缆是有缺陷的和TCU无联系?装置有一个内部缺陷。?插接件针脚和TCU无联系。""","1958","变速箱","恒载力矩指示灯输出断路"
"1112","1379","3","蓄电池电压过高","1958","上柴国三","蓄电池电压过高"
"1113","1378","4","蓄电池电压过低","1958","上柴国三","蓄电池电压过低"
"1114","1602","4","传感器供电电路1电压过低","1958","上柴国三","传感器供电电路1电压过低"
"1115","1603","3","传感器供电电路1电压过高","1958","上柴国三","传感器供电电路1电压过高"
"1116","1618","4","传感器供电电路2电压过低","1958","上柴国三","传感器供电电路2电压过低"
"1117","1619","3","传感器供电电路2电压过高","1958","上柴国三","传感器供电电路2电压过高"
"1118","280","3","水温传感器信号过高","1958","上柴国三","水温传感器信号过高"
"1119","279","4","水温传感器信号过低","1958","上柴国三","水温传感器信号过低"
"1120","275","3","进气温度传感器信号过高","1958","上柴国三","进气温度传感器信号过高"
"1121","274","4","进气温度传感器信号过低","1958","上柴国三","进气温度传感器信号过低"
"1122","115","3","环境温度传感器信号过高","1958","上柴国三","环境温度传感器信号过高"
"1123","114","4","环境温度传感器信号过低","1958","上柴国三","环境温度传感器信号过低"
"1124","387","3","燃油温传感器信号过高","1958","上柴国三","燃油温传感器信号过高"
"1125","386","4","燃油温传感器信号过低","1958","上柴国三","燃油温传感器信号过低"
"1126","403","3","共轨压力传感器信号过高","1958","上柴国三","共轨压力传感器信号过高"
"1127","402","4","共轨压力传感器信号过低","1958","上柴国三","共轨压力传感器信号过低"
"1128","401","2","共轨压力传感器信号恒值","1958","上柴国三","共轨压力传感器信号恒值"
"1129","8745","3","大气压力传感器信号过高","1958","上柴国三","大气压力传感器信号过高"
"1130","8744","4","大气压力传感器信号过低","1958","上柴国三","大气压力传感器信号过低"
"1131","568","3","进气压力传感器信号过高","1958","上柴国三","进气压力传感器信号过高"
"1132","567","4","进气压力传感器信号过低","1958","上柴国三","进气压力传感器信号过低"
"1133","290","4","油门踏板传感器#1信号过低","1958","上柴国三","油门踏板传感器#1信号过低"
"1134","291","3","油门踏板传感器#1信号过高","1958","上柴国三","油门踏板传感器#1信号过高"
"1135","546","4","油门踏板传感器#2信号过低","1958","上柴国三","油门踏板传感器#2信号过低"
"1136","547","3","油门踏板传感器#2信号过高","1958","上柴国三","油门踏板传感器#2信号过高"
"1137","289","4","油门踏板传感器#1常开","1958","上柴国三","油门踏板传感器#1常开"
"1138","545","4","油门踏板传感器#2常开","1958","上柴国三","油门踏板传感器#2常开"
"1139","288","3","油门踏板传感器#1常闭","1958","上柴国三","油门踏板传感器#1常闭"
"1140","544","3","油门踏板传感器#2常闭","1958","上柴国三","油门踏板传感器#2常闭"
"1141","8480","2","油门踏板传感器#1和#2信号无效","1958","上柴国三","油门踏板传感器#1和#2信号无效"
"1142","551","4","PTO踏板传感器信号过低","1958","上柴国三","PTO踏板传感器信号过低"
"1143","552","3","PTO踏板传感器信号过高","1958","上柴国三","PTO踏板传感器信号过高"
"1144","4419","3","怠速旋钮信号过高","1958","上柴国三","怠速旋钮信号过高"
"1145","4418","4","怠速旋钮信号过低","1958","上柴国三","怠速旋钮信号过低"
"1146","1315","3","机油压力传感器信号过高","1958","上柴国三","机油压力传感器信号过高"
"1147","1314","4","机油压力传感器信号过低","1958","上柴国三","机油压力传感器信号过低"
"1148","5761","4","排气制动阀输出开路或对地短路","1958","上柴国三","排气制动阀输出开路或对地短路"
"1149","5762","3","排气制动阀输出对电源短路","1958","上柴国三","排气制动阀输出对电源短路"
"1150","1345","4","预热继电器对地短路","1958","上柴国三","预热继电器对地短路"
"1151","1346","3","预热继电器开路或对电源短路","1958","上柴国三","预热继电器开路或对电源短路"
"1152","1558","4","起动继电器对地短路","1958","上柴国三","起动继电器对地短路"
"1153","1557","3","起动继电器开路或对电源短路","1958","上柴国三","起动继电器开路或对电源短路"
"1154","8520","6","喷油器公共端COM1对电源短路","1958","上柴国三","喷油器公共端COM1对电源短路"
"1155","8519","5","喷油器公共端COM1对地短路","1958","上柴国三","喷油器公共端COM1对地短路"
"1156","8518","5","喷油器公共端COM1开路","1958","上柴国三","喷油器公共端COM1开路"
"1157","8529","6","喷油器公共端COM2对电源短路","1958","上柴国三","喷油器公共端COM2对电源短路"
"1158","8528","5","喷油器公共端COM2对地短路","1958","上柴国三","喷油器公共端COM2对地短路"
"1159","8521","5","喷油器公共端COM2开路","1958","上柴国三","喷油器公共端COM2开路"
"1160","513","5","喷油器#1电磁线圈开路","1958","上柴国三","喷油器#1电磁线圈开路"
"1161","517","5","喷油器#2电磁线圈开路","1958","上柴国三","喷油器#2电磁线圈开路"
"1162","515","5","喷油器#3电磁线圈开路","1958","上柴国三","喷油器#3电磁线圈开路"
"1163","518","5","喷油器#4电磁线圈开路","1958","上柴国三","喷油器#4电磁线圈开路"
"1164","514","5","喷油器#5电磁线圈开路","1958","上柴国三","喷油器#5电磁线圈开路"
"1165","516","5","喷油器#6电磁线圈开路","1958","上柴国三","喷油器#6电磁线圈开路"
"1166","1553","12","电容充电电路由于充电不足导致失效","1958","上柴国三","电容充电电路由于充电不足导致失效"
"1167","512","12","电容充电电路由于充电过度导致失效","1958","上柴国三","电容充电电路由于充电过度导致失效"
"1168","5634","2","QR码没有写入","1958","上柴国三","QR码没有写入"
"1169","1538","2","QR码错误","1958","上柴国三","QR码错误"
"1171","9780","6","油泵电磁阀#2对电源短路","1958","上柴国三","油泵电磁阀#2对电源短路"
"1172","1577","6","油泵电磁阀1对电源短路","1958","上柴国三","油泵电磁阀1对电源短路"
"1174","9779","5","油泵电磁阀#2开路或对地短路","1958","上柴国三","油泵电磁阀#2开路或对地短路"
"1472","3511","3","传感器电源3电压超出上限门槛值","1958","潍柴国三","传感器电源3电压超出上限门槛值"
"1473","3511","4","传感器电源3电压低于下限门槛值","1958","潍柴国三","传感器电源3电压低于下限门槛值"
"1474","107","7","空滤更换","1958","潍柴国三","空滤更换"
"1475","520289","11","燃油滤清器更换","1958","潍柴国三","燃油滤清器更换"
"1476","522014","1","锁车且执行锁车模式1","1958","潍柴国三","锁车且执行锁车模式1"
"1477","522014","2","锁车且执行锁车模式2","1958","潍柴国三","锁车且执行锁车模式2"
"1478","1675","3","起动电机继电器低端电源短路","1958","潍柴国三","起动电机继电器低端电源短路"
"1479","1675","4","起动电机继电器低端对地短路","1958","潍柴国三","起动电机继电器低端对地短路"
"1480","1675","5","起动电机继电器开路","1958","潍柴国三","起动电机继电器开路"
"1481","520253","11","T50接通时间超限","1958","潍柴国三","T50接通时间超限"
"1482","1136","4","ECU温度传感器电压低于下限门槛值","1958","潍柴国三","ECU温度传感器电压低于下限门槛值"
"1483","1136","3","ECU温度传感器电压超出上限门槛值","1958","潍柴国三","ECU温度传感器电压超出上限门槛值"
"1484","84","0","车速1高于最大门槛值","1958","潍柴国三","车速1高于最大门槛值"
"1485","84","2","车速1与喷油量及发动机转速不可信","1958","潍柴国三","车速1与喷油量及发动机转速不可信"
"1486","1624","3","车速3信号脉宽超过上限门槛值","1958","潍柴国三","车速3信号脉宽超过上限门槛值"
"1487","1624","4","车速3信号脉宽低于下限门槛值","1958","潍柴国三","车速3信号脉宽低于下限门槛值"
"1488","1624","8","车速信号平均周期小于门槛值","1958","潍柴国三","车速信号平均周期小于门槛值"
"1489","520250","5","报警灯开路","1958","潍柴国三","报警灯开路"
"1490","520250","3","报警灯电源短路","1958","潍柴国三","报警灯电源短路"
"1491","520250","4","报警灯对地短路","1958","潍柴国三","报警灯对地短路"
"1492","520264","3","油中有水传感器电压原始值超出上限门槛","1958","潍柴国三","油中有水传感器电压原始值超出上限门槛"
"1493","520264","4","油中有水传感器电压原始值低于下限门槛","1958","潍柴国三","油中有水传感器电压原始值低于下限门槛"
"1494","522000","12","CAN通讯错误","1958","潍柴国三","CAN通讯错误"
"1495","520253","2","远程油门2倍关系不可信","1958","潍柴国三","远程油门2倍关系不可信"
"1496","520277","7","远程油门与刹车可信性校验","1958","潍柴国三","远程油门与刹车可信性校验"
"1497","520218","14","key报文故障","1958","潍柴国三","key报文故障"
"1498","520218","19","key报文超时","1958","潍柴国三","key报文超时"
"1499","14161","31","DEC1报文T50信号接收错误","1958","潍柴国三","DEC1报文T50信号接收错误"
"1500","520218","0","DFC_ComGPSDrvCyclIdle","1958","潍柴国三","DFC_ComGPSDrvCyclIdle"
"1277","4815","9","风扇执行器（PWM波）对电源短路","1958","潍柴国三","风扇执行器（PWM波）对电源短路"
"1278","4815","10","风扇执行器（PWM波）对地短路","1958","潍柴国三","风扇执行器（PWM波）对地短路"
"1279","4815","5","风扇执行器（数字信号）开路","1958","潍柴国三","风扇执行器（数字信号）开路"
"1280","4815","3","风扇执行器（数字信号）对电源短路","1958","潍柴国三","风扇执行器（数字信号）对电源短路"
"1281","4815","4","风扇执行器（数字信号）对地短路","1958","潍柴国三","风扇执行器（数字信号）对地短路"
"1282","1639","3","冷却风扇速度高出上限门槛值","1958","潍柴国三","冷却风扇速度高出上限门槛值"
"1283","1639","4","冷却风扇速度低于下限门槛值","1958","潍柴国三","冷却风扇速度低于下限门槛值"
"1284","520264","11","油中有水传感器检测到油中有水","1958","潍柴国三","油中有水传感器检测到油中有水"
"1285","522064","19","总线接收油门信号超限","1958","潍柴国三","总线接收油门信号超限"
"1286","522056","14","CAN接收帧CM1数据量错误","1958","潍柴国三","CAN接收帧CM1数据量错误"
"1287","522056","19","CAN接收帧CM1超时错误","1958","潍柴国三","CAN接收帧CM1超时错误"
"1288","522052","14","CAN接收帧DashDspl数据量错误","1958","潍柴国三","CAN接收帧DashDspl数据量错误"
"1289","522052","19","CAN接收帧DashDspl超时错误","1958","潍柴国三","CAN接收帧DashDspl超时错误"
"1290","522062","14","CAN接收帧DEC1数据量错误","1958","潍柴国三","CAN接收帧DEC1数据量错误"
"1291","522062","19","DEC1报文接收超时","1958","潍柴国三","DEC1报文接收超时"
"1292","522013","14","CAN接收帧EBC1数据长度错误","1958","潍柴国三","CAN接收帧EBC1数据长度错误"
"1293","522013","19","CAN接收帧EBC1超时错误","1958","潍柴国三","CAN接收帧EBC1超时错误"
"1294","522015","14","数据长度错误","1958","潍柴国三","数据长度错误"
"1295","522015","19","超时错误","1958","潍柴国三","超时错误"
"1296","522053","14","CAN接收帧EGF1数据量错误","1958","潍柴国三","CAN接收帧EGF1数据量错误"
"1297","522053","19","CAN接收帧EGF1超时错误","1958","潍柴国三","CAN接收帧EGF1超时错误"
"1298","522020","14","CAN接收帧EngTemp2数据量错误","1958","潍柴国三","CAN接收帧EngTemp2数据量错误"
"1299","522020","19","CAN接收帧EngTemp2超时错误","1958","潍柴国三","CAN接收帧EngTemp2超时错误"
"1300","522021","14","CAN接收帧ERC1DR数据量错误","1958","潍柴国三","CAN接收帧ERC1DR数据量错误"
"1301","522021","19","CAN接收帧ERC1DR超时错误","1958","潍柴国三","CAN接收帧ERC1DR超时错误"
"1302","522022","14","ETC1报文数据长度错误","1958","潍柴国三","ETC1报文数据长度错误"
"1303","522022","19","ETC1报文接收超时","1958","潍柴国三","ETC1报文接收超时"
"1304","522023","14","CAN接收帧ETC2数据量错误","1958","潍柴国三","CAN接收帧ETC2数据量错误"
"1305","522023","19","CAN接收帧ETC2超时错误","1958","潍柴国三","CAN接收帧ETC2超时错误"
"1306","522063","14","CAN接收帧ETC7数据量错误","1958","潍柴国三","CAN接收帧ETC7数据量错误"
"1307","522063","19","ETC7报文接收超时","1958","潍柴国三","ETC7报文接收超时"
"1308","522051","14","CAN接收帧HRVD数据量错误","1958","潍柴国三","CAN接收帧HRVD数据量错误"
"1309","522051","19","CAN接收帧HRVD超时错误","1958","潍柴国三","CAN接收帧HRVD超时错误"
"1310","522065","19","总线接收远程油门信号超限","1958","潍柴国三","总线接收远程油门信号超限"
"1311","522030","14","RxCCVS报文数据长度错误","1958","潍柴国三","RxCCVS报文数据长度错误"
"1312","522030","19","RxCCVS报文接收超时","1958","潍柴国三","RxCCVS报文接收超时"
"1313","520217","14","CAN接收帧TRF1数据量错误","1958","潍柴国三","CAN接收帧TRF1数据量错误"
"1314","520217","19","CAN接收帧TRF1超时错误","1958","潍柴国三","CAN接收帧TRF1超时错误"
"1315","522035","14","CAN接收帧TSC1AE数据量错误","1958","潍柴国三","CAN接收帧TSC1AE数据量错误"
"1316","522035","19","CAN接收帧TSC1AE超时错误","1958","潍柴国三","CAN接收帧TSC1AE超时错误"
"1317","522036","14","CAN接收帧TSC1AR数据量错误","1958","潍柴国三","CAN接收帧TSC1AR数据量错误"
"1318","522036","19","CAN接收帧TSC1AR超时错误","1958","潍柴国三","CAN接收帧TSC1AR超时错误"
"1319","522037","14","CAN接收帧TTSC1DE数据量错误","1958","潍柴国三","CAN接收帧TTSC1DE数据量错误"
"1320","522037","19","CAN接收帧TSC1DE超时错误","1958","潍柴国三","CAN接收帧TSC1DE超时错误"
"1321","522038","14","CAN接收帧TSC1DR数据量错误","1958","潍柴国三","CAN接收帧TSC1DR数据量错误"
"1322","522038","19","CAN接收帧TSC1DR超时错误","1958","潍柴国三","CAN接收帧TSC1DR超时错误"
"1323","522039","14","CANTOTSC1PE数据量错误","1958","潍柴国三","CANTOTSC1PE数据量错误"
"1324","522039","19","CANTOTSC1PE通讯错误","1958","潍柴国三","CANTOTSC1PE通讯错误"
"1325","522040","14","CANTOTSC1TE数据量错误","1958","潍柴国三","CANTOTSC1TE数据量错误"
"1326","522040","19","CANTOTSC1TE超时错误","1958","潍柴国三","CANTOTSC1TE超时错误"
"1327","522041","14","CANTOTSC1TR数据量错误","1958","潍柴国三","CANTOTSC1TR数据量错误"
"1328","522041","19","CANTOTSC1TR超时错误","1958","潍柴国三","CANTOTSC1TR超时错误"
"1329","522042","14","CANTOTSC1VE数据量错误","1958","潍柴国三","CANTOTSC1VE数据量错误"
"1330","522042","19","CANTOTSC1VE超时错误","1958","潍柴国三","CANTOTSC1VE超时错误"
"1331","522043","14","CANTOTSC1VR数据量错误","1958","潍柴国三","CANTOTSC1VR数据量错误"
"1332","522043","19","CANTOTSC1VR超时错误","1958","潍柴国三","CANTOTSC1VR超时错误"
"1333","174","3","燃油温度传感器电压超出上限门槛值","1958","潍柴国三","燃油温度传感器电压超出上限门槛值"
"1334","174","4","燃油温度传感器电压超出下限门槛值","1958","潍柴国三","燃油温度传感器电压超出下限门槛值"
"1335","624","12","（油中有水灯）指示灯开路","1958","潍柴国三","（油中有水灯）指示灯开路"
"1336","624","3","（油中有水灯）指示灯电源短路","1958","潍柴国三","（油中有水灯）指示灯电源短路"
"1337","624","4","（油中有水灯）指示灯地短路","1958","潍柴国三","（油中有水灯）指示灯地短路"
"1338","520223","20","高压测试错误","1958","潍柴国三","高压测试错误"
"1339","2802","14","EEPROM读错误","1958","潍柴国三","EEPROM读错误"
"1340","2802","12","EEPROM写错误","1958","潍柴国三","EEPROM写错误"
"1341","105","3","进气温度传感器电压超出上限门槛值","1958","潍柴国三","进气温度传感器电压超出上限门槛值"
"1342","105","4","进气温度传感器电压低于下限门槛值","1958","潍柴国三","进气温度传感器电压低于下限门槛值"
"1343","520210","16","喷孔磨损程度持续20次大于20%","1958","潍柴国三","喷孔磨损程度持续20次大于20%"
"1344","520210","15","喷孔磨损程度持续500ms介于5%到20%之间","1958","潍柴国三","喷孔磨损程度持续500ms介于5%到20%之间"
"1345","507","9","INJdriverIC初始化版本号错误","1958","潍柴国三","INJdriverIC初始化版本号错误"
"1346","507","10","INJdriverIC上电后初始化错误","1958","潍柴国三","INJdriverIC上电后初始化错误"
"1347","520210","14","喷孔磨损超过20%故障","1958","潍柴国三","喷孔磨损超过20%故障"
"1348","520210","13","喷孔磨损在0~20%故障","1958","潍柴国三","喷孔磨损在0~20%故障"
"1349","507","11","INJdriverIC再次上电错误","1958","潍柴国三","INJdriverIC再次上电错误"
"1350","1413","15","喷油器1高端与电源短路","1958","潍柴国三","喷油器1高端与电源短路"
"1351","1413","17","喷油器1高端与地短路","1958","潍柴国三","喷油器1高端与地短路"
"1352","1413","16","喷油器1低端与电源短路","1958","潍柴国三","喷油器1低端与电源短路"
"1353","1413","18","喷油器1低端与地短路","1958","潍柴国三","喷油器1低端与地短路"
"1354","1413","5","喷油器1开路","1958","潍柴国三","喷油器1开路"
"1355","1413","11","1缸喷油器错误","1958","潍柴国三","1缸喷油器错误"
"1356","1413","6","同Bank中1缸和其他缸开路或者与弱电源短路","1958","潍柴国三","同Bank中1缸和其他缸开路或者与弱电源短路"
"1357","1413","3","1缸喷油器对电源短路","1958","潍柴国三","1缸喷油器对电源短路"
"1358","1413","7","1缸喷油器对地短路","1958","潍柴国三","1缸喷油器对地短路"
"1359","1413","4","喷油器1高低端短路","1958","潍柴国三","喷油器1高低端短路"
"1360","1414","15","喷油器2高端与电源短路","1958","潍柴国三","喷油器2高端与电源短路"
"1361","1414","17","喷油器2高端与地短路","1958","潍柴国三","喷油器2高端与地短路"
"1362","1414","16","喷油器2低端与电源短路","1958","潍柴国三","喷油器2低端与电源短路"
"1363","1414","18","喷油器2低端与地短路","1958","潍柴国三","喷油器2低端与地短路"
"1364","1414","5","喷油器2开路","1958","潍柴国三","喷油器2开路"
"1365","1414","11","2缸喷油器错误","1958","潍柴国三","2缸喷油器错误"
"1366","1414","6","同Bank中2缸和其他缸开路或者与弱电源短路","1958","潍柴国三","同Bank中2缸和其他缸开路或者与弱电源短路"
"1367","1414","3","2缸喷油器对电源短路","1958","潍柴国三","2缸喷油器对电源短路"
"1368","1414","7","2缸喷油器对地短路","1958","潍柴国三","2缸喷油器对地短路"
"1369","1414","4","喷油器2高低端短路","1958","潍柴国三","喷油器2高低端短路"
"1370","1415","15","喷油器3高端与电源短路","1958","潍柴国三","喷油器3高端与电源短路"
"1371","1415","17","喷油器3高端与地短路","1958","潍柴国三","喷油器3高端与地短路"
"1372","1415","16","喷油器3低端与电源短路","1958","潍柴国三","喷油器3低端与电源短路"
"1373","1415","18","喷油器3低端与地短路","1958","潍柴国三","喷油器3低端与地短路"
"1374","1415","5","喷油器3开路","1958","潍柴国三","喷油器3开路"
"1375","1415","11","3缸喷油器错误","1958","潍柴国三","3缸喷油器错误"
"1376","1415","6","同Bank中3缸和其他缸开路或者与弱电源短路","1958","潍柴国三","同Bank中3缸和其他缸开路或者与弱电源短路"
"1377","1415","3","3缸喷油器对电源短路","1958","潍柴国三","3缸喷油器对电源短路"
"1378","1415","7","3缸喷油器对地短路","1958","潍柴国三","3缸喷油器对地短路"
"1379","1415","4","喷油器3高低端短路","1958","潍柴国三","喷油器3高低端短路"
"1380","1416","15","喷油器4高端与电源短路","1958","潍柴国三","喷油器4高端与电源短路"
"1381","1416","17","喷油器4高端与地短路","1958","潍柴国三","喷油器4高端与地短路"
"1382","1416","16","喷油器4低端与电源短路","1958","潍柴国三","喷油器4低端与电源短路"
"1383","1416","18","喷油器4低端与地短路","1958","潍柴国三","喷油器4低端与地短路"
"1384","1416","5","喷油器4开路","1958","潍柴国三","喷油器4开路"
"1385","1416","11","4缸喷油器错误","1958","潍柴国三","4缸喷油器错误"
"1386","1416","6","同Bank中4缸和其他缸开路或者与弱电源短路","1958","潍柴国三","同Bank中4缸和其他缸开路或者与弱电源短路"
"1387","1416","3","4缸喷油器对电源短路","1958","潍柴国三","4缸喷油器对电源短路"
"1388","1416","7","4缸喷油器对地短路","1958","潍柴国三","4缸喷油器对地短路"
"1389","1416","4","喷油器4高低端短路","1958","潍柴国三","喷油器4高低端短路"
"1390","1417","15","喷油器5高端与电源短路","1958","潍柴国三","喷油器5高端与电源短路"
"1391","1417","17","喷油器5高端与地短路","1958","潍柴国三","喷油器5高端与地短路"
"1392","1417","16","喷油器5低端与电源短路","1958","潍柴国三","喷油器5低端与电源短路"
"1393","1417","18","喷油器5低端与地短路","1958","潍柴国三","喷油器5低端与地短路"
"1394","1417","5","喷油器5开路","1958","潍柴国三","喷油器5开路"
"1395","1417","11","5缸喷油器错误","1958","潍柴国三","5缸喷油器错误"
"1396","1417","6","同Bank中5缸和其他缸开路或者与弱电源短路","1958","潍柴国三","同Bank中5缸和其他缸开路或者与弱电源短路"
"1397","1417","3","5缸喷油器对电源短路","1958","潍柴国三","5缸喷油器对电源短路"
"1398","1417","7","5缸喷油器对地短路","1958","潍柴国三","5缸喷油器对地短路"
"1399","1417","4","喷油器5高低端短路","1958","潍柴国三","喷油器5高低端短路"
"1400","1418","15","喷油器6高端与电源短路","1958","潍柴国三","喷油器6高端与电源短路"
"1401","1418","17","喷油器6高端与地短路","1958","潍柴国三","喷油器6高端与地短路"
"1402","1418","16","喷油器6低端与电源短路","1958","潍柴国三","喷油器6低端与电源短路"
"1403","1418","18","喷油器6低端与地短路","1958","潍柴国三","喷油器6低端与地短路"
"1404","1418","5","喷油器6开路","1958","潍柴国三","喷油器6开路"
"1405","1418","11","6缸喷油器错误","1958","潍柴国三","6缸喷油器错误"
"1406","1418","6","同Bank中6缸和其他缸开路或者与弱电源短路","1958","潍柴国三","同Bank中6缸和其他缸开路或者与弱电源短路"
"1407","1418","3","6缸喷油器对电源短路","1958","潍柴国三","6缸喷油器对电源短路"
"1408","1418","7","6缸喷油器对地短路","1958","潍柴国三","6缸喷油器对地短路"
"1409","1418","4","喷油器6高低端短路","1958","潍柴国三","喷油器6高低端短路"
"1410","1442","7","燃油计量器开路","1958","潍柴国三","燃油计量器开路"
"1411","1442","9","燃油计量器电源短路","1958","潍柴国三","燃油计量器电源短路"
"1412","1442","10","燃油计量器对地短路","1958","潍柴国三","燃油计量器对地短路"
"1413","596","2","巡航信号不可靠（无效开关组合）","1958","潍柴国三","巡航信号不可靠（无效开关组合）"
"1414","520219","5","OBD灯开路","1958","潍柴国三","OBD灯开路"
"1415","520219","3","OBD灯与电源短路","1958","潍柴国三","OBD灯与电源短路"
"1416","520219","4","OBD灯与地短路","1958","潍柴国三","OBD灯与地短路"
"1417","1323","3","1缸失火","1958","潍柴国三","1缸失火"
"1418","1332","3","10缸失火","1958","潍柴国三","10缸失火"
"1419","1333","3","11缸失火","1958","潍柴国三","11缸失火"
"1420","1334","3","12缸失火","1958","潍柴国三","12缸失火"
"1421","1324","3","2缸失火","1958","潍柴国三","2缸失火"
"1422","1325","3","3缸失火","1958","潍柴国三","3缸失火"
"1423","1326","3","4缸失火","1958","潍柴国三","4缸失火"
"1424","1327","3","5缸失火","1958","潍柴国三","5缸失火"
"1425","1328","3","6缸失火","1958","潍柴国三","6缸失火"
"1426","1329","3","7缸失火","1958","潍柴国三","7缸失火"
"1427","1330","3","8缸失火","1958","潍柴国三","8缸失火"
"1428","1331","3","9缸失火","1958","潍柴国三","9缸失火"
"1429","1322","3","失火总缸数超限","1958","潍柴国三","失火总缸数超限"
"1430","976","19","多态开关信号不可信","1958","潍柴国三","多态开关信号不可信"
"1431","976","3","多态开关电压超上限","1958","潍柴国三","多态开关电压超上限"
"1432","976","4","多态开关电压超下限","1958","潍柴国三","多态开关电压超下限"
"1433","98","2","机油液位传感器信号不可靠","1958","潍柴国三","机油液位传感器信号不可靠"
"1434","98","3","机油液位传感器电压电压超出上限","1958","潍柴国三","机油液位传感器电压电压超出上限"
"1435","98","4","机油液位传感器电压电压低于下限","1958","潍柴国三","机油液位传感器电压电压低于下限"
"1436","100","17","机油压力过低","1958","潍柴国三","机油压力过低"
"1437","100","15","机油压力过高或机油温度信号不可靠","1958","潍柴国三","机油压力过高或机油温度信号不可靠"
"1438","100","16","机油压力传感器电压电压超出上限","1958","潍柴国三","机油压力传感器电压电压超出上限"
"1439","100","18","机油压力传感器电压电压低于下限","1958","潍柴国三","机油压力传感器电压电压低于下限"
"1440","175","15","机油温度传感器信号不可信","1958","潍柴国三","机油温度传感器信号不可信"
"1441","175","3","机油温度传感器电压超出上限门槛值","1958","潍柴国三","机油温度传感器电压超出上限门槛值"
"1442","175","4","机油温度传感器电压低于下限门槛值","1958","潍柴国三","机油温度传感器电压低于下限门槛值"
"1444","523470","21","压力波动时共轨泻压阀未打开","1958","潍柴国三","压力波动时共轨泻压阀未打开"
"1445","520241","11","共轨泻压阀打开次数超出技术要求的最大次数","1958","潍柴国三","共轨泻压阀打开次数超出技术要求的最大次数"
"1446","520241","14","共轨泻压阀打开","1958","潍柴国三","共轨泻压阀打开"
"1447","520241","0","限压阀打开时间超过限值","1958","潍柴国三","限压阀打开时间超过限值"
"1448","157","15","轨压传感器电压超出最大偏差","1958","潍柴国三","轨压传感器电压超出最大偏差"
"1449","157","17","轨压传感器电压低于最小偏差","1958","潍柴国三","轨压传感器电压低于最小偏差"
"1450","157","3","轨压传感器电压超出上限门槛值","1958","潍柴国三","轨压传感器电压超出上限门槛值"
"1452","157","4","轨压传感器电压低于下限门槛值","1958","潍柴国三","轨压传感器电压低于下限门槛值"
"1454","520243","16","轨压偏差超出上限门槛值","1958","潍柴国三","轨压偏差超出上限门槛值"
"1455","520243","7","燃油计量器中的油量超过门槛值","1958","潍柴国三","燃油计量器中的油量超过门槛值"
"1456","520243","5","轨压偏差超出门槛值并且燃油计量器中的油量超 过门槛值","1958","潍柴国三","轨压偏差超出门槛值并且燃油计量器中的油量超 过门槛值"
"1457","520243","0","轨压偏差超出上限门槛值并且喷油量超限","1958","潍柴国三","轨压偏差超出上限门槛值并且喷油量超限"
"1458","520243","1","轨压偏差低于下限门槛值并且喷油量低于门槛值","1958","潍柴国三","轨压偏差低于下限门槛值并且喷油量低于门槛值"
"1459","520243","20","轨压峰值低于下限门槛值","1958","潍柴国三","轨压峰值低于下限门槛值"
"1460","520243","21","轨压峰值超出上限门槛值","1958","潍柴国三","轨压峰值超出上限门槛值"
"1461","520243","18","轨压下降过快","1958","潍柴国三","轨压下降过快"
"1462","520243","23","超速模式下的油量计量单元设定不可信","1958","潍柴国三","超速模式下的油量计量单元设定不可信"
"1463","520243","24","低怠速下油量计量单元监控器错误","1958","潍柴国三","低怠速下油量计量单元监控器错误"
"1464","520277","3","远程油门踏板1输出电压值超出上限","1958","潍柴国三","远程油门踏板1输出电压值超出上限"
"1465","520277","4","远程油门踏板1输出电压值低于下限","1958","潍柴国三","远程油门踏板1输出电压值低于下限"
"1466","520278","3","远程油门踏板2输出电压值超出上限","1958","潍柴国三","远程油门踏板2输出电压值超出上限"
"1467","520278","4","远程油门踏板2输出电压值低于下限","1958","潍柴国三","远程油门踏板2输出电压值低于下限"
"1468","3509","3","传感器电源1电压超出上限门槛值","1958","潍柴国三","传感器电源1电压超出上限门槛值"
"1469","3509","4","传感器电源1电压低于下限门槛值","1958","潍柴国三","传感器电源1电压低于下限门槛值"
"1470","3510","3","传感器电源2电压超出上限门槛值","1958","潍柴国三","传感器电源2电压超出上限门槛值"
"1471","3510","4","传感器电源2电压低于下限门槛值","1958","潍柴国三","传感器电源2电压低于下限门槛值"
